Workbook

Sheet Summary
A1: Epic | B1: Story | C1: Test Cases | D1: Passed | E1: Failed | F1: Blocked
A2: Authentication | B2: Login | C2: =COUNTA(Login!$C$2:$C$7) -> 6 | D2: =COUNTIF(Login!$C$2:$C$7,"PASS") -> 6 | E2: =COUNTIF(Login!$C$2:$C$7,"FAIL") -> 0 | F2: =COUNTIF(Login!$C$2:$C$7,"BLOCKED") -> 0
A3: Product | B3: Display & Info | C3: =COUNTA('Product Display'!$C$2:$C$12) -> 11 | D3: =COUNTIF('Product Display'!$C$2:$C$12,"PASS") -> 7 | E3: =COUNTIF('Product Display'!$C$2:$C$12,"FAIL") -> 4 | F3: =COUNTIF('Product Display'!$C$2:$C$12,"BLOCKED") -> 0
A4: Product | B4: Sorting | C4: =COUNTA(Sorting!$C$2:$C$9) -> 8 | D4: =COUNTIF(Sorting!$C$2:$C$9,"PASS") -> 5 | E4: =COUNTIF(Sorting!$C$2:$C$9,"FAIL") -> 3 | F4: =COUNTIF(Sorting!$C$2:$C$9,"BLOCKED") -> 0
A5: Cart | B5: Add to Cart | C5: =COUNTA(Cart!$C$2:$C$11) -> 10 | D5: =COUNTIF(Cart!$C$2:$C$11,"PASS") -> 10 | E5: =COUNTIF(Cart!$C$2:$C$11,"FAIL") -> 0 | F5: =COUNTIF(Cart!$C$2:$C$11,"BLOCKED") -> 0
A6: Checkout | B6: Checkout Process | C6: =COUNTA(Checkout!$C$2:$C$16) -> 15 | D6: =COUNTIF(Checkout!$C$2:$C$16,"PASS") -> 10 | E6: =COUNTIF(Checkout!$C$2:$C$16,"FAIL") -> 1 | F6: =COUNTIF(Checkout!$C$2:$C$16,"BLOCKED") -> 4
A7: Logout | B7: Logout Functionality | C7: =COUNTA(Logout!$C$2:$C$5) -> 4 | D7: =COUNTIF(Logout!$C$2:$C$5,"PASS") -> 4 | E7: =COUNTIF(Logout!$C$2:$C$5,"FAIL") -> 0 | F7: =COUNTIF(Logout!$C$2:$C$5,"BLOCKED") -> 0
A8: Total | C8: =SUM(C2:C7) -> 54 | D8: =SUM(D2:D7) -> 42 | E8: =SUM(E2:E7) -> 8 | F8: =SUM(F2:F7) -> 4
A10: Pass Rate | B10: =D8/C8 -> 0.77777778
A11: Bugs Found | B11: 8

Sheet Login
A1: Test Case ID | B1: User | C1: Result
A2: TC-LOGIN-001 | B2: standard_user | C2: PASS
A3: TC-LOGIN-002 | B3: N/A (invalid user) | C3: PASS
A4: TC-LOGIN-003 | B4: standard_user | C4: PASS
A5: TC-LOGIN-004 | B5: N/A (blank username) | C5: PASS
A6: TC-LOGIN-005 | B6: standard_user | C6: PASS
A7: TC-LOGIN-006 | B7: locked_out_user | C7: PASS

Sheet Product Display
A1: Test Case ID | B1: User | C1: Result
A2: TC-PROD-001 | B2: standard_user | C2: PASS
A3: TC-PROD-002 | B3: standard_user | C3: PASS
A4: TC-PROD-003 | B4: standard_user | C4: PASS
A5: TC-PROD-004 | B5: standard_user | C5: PASS
A6: TC-PROD-005 | B6: standard_user | C6: PASS
A7: TC-PROD-006 | B7: standard_user | C7: PASS
A8: TC-PROD-007 | B8: standard_user | C8: PASS
A9: TC-PROD-008 | B9: problem_user | C9: FAIL
A10: TC-PROD-009 | B10: problem_user | C10: FAIL
A11: TC-PROD-010 | B11: problem_user | C11: FAIL
A12: TC-PROD-011 | B12: problem_user | C12: FAIL

Sheet Sorting
A1: Test Case ID | B1: User | C1: Result
A2: TC-SORT-001 | B2: standard_user | C2: PASS
A3: TC-SORT-002 | B3: standard_user | C3: PASS
A4: TC-SORT-003 | B4: standard_user | C4: PASS
A5: TC-SORT-004 | B5: standard_user | C5: PASS
A6: TC-SORT-005 | B6: problem_user | C6: PASS
A7: TC-SORT-006 | B7: problem_user | C7: FAIL
A8: TC-SORT-007 | B8: problem_user | C8: FAIL
A9: TC-SORT-008 | B9: problem_user | C9: FAIL

Sheet Cart
A1: Test Case ID | B1: User | C1: Result
A2: TC-CART-001 | B2: standard_user | C2: PASS
A3: TC-CART-002 | B3: standard_user | C3: PASS
A4: TC-CART-003 | B4: standard_user | C4: PASS
A5: TC-CART-004 | B5: standard_user | C5: PASS
A6: TC-CART-005 | B6: standard_user | C6: PASS
A7: TC-CART-006 | B7: standard_user | C7: PASS
A8: TC-CART-007 | B8: standard_user | C8: PASS
A9: TC-CART-008 | B9: standard_user | C9: PASS
A10: TC-CART-009 | B10: problem_user | C10: PASS
A11: TC-CART-010 | B11: problem_user | C11: PASS

Sheet Checkout
A1: Test Case ID | B1: User | C1: Result
A2: TC-CHECKOUT-001 | B2: standard_user | C2: PASS
A3: TC-CHECKOUT-002 | B3: standard_user | C3: PASS
A4: TC-CHECKOUT-003 | B4: standard_user | C4: PASS
A5: TC-CHECKOUT-004 | B5: standard_user | C5: PASS
A6: TC-CHECKOUT-005 | B6: standard_user | C6: PASS
A7: TC-CHECKOUT-006 | B7: standard_user | C7: PASS
A8: TC-CHECKOUT-007 | B8: standard_user | C8: PASS
A9: TC-CHECKOUT-008 | B9: standard_user | C9: PASS
A10: TC-CHECKOUT-009 | B10: standard_user | C10: PASS
A11: TC-CHECKOUT-010 | B11: standard_user | C11: PASS
A12: TC-CHECKOUT-011 | B12: problem_user | C12: FAIL
... A16: TC-CHECKOUT-015 | B16: problem_user | C16: BLOCKED

Sheet Logout
A1: Test Case ID | B1: User | C1: Result
A2: TC-LOGOUT-001 | B2: standard_user | C2: PASS
A3: TC-LOGOUT-002 | B3: standard_user | C3: PASS
A4: TC-LOGOUT-003 | B4: standard_user | C4: PASS
A5: TC-LOGOUT-004 | B5: standard_user | C5: PASS
